Páginas principais,Cliques,Impressões,CTR,Posição
https://estudiosabor.com.br/blog/foto-para-ifood-valorize-o-seu-prato-de-verdade,149,16677,0.89%,3.85
https://estudiosabor.com.br/,19,541,3.51%,9.5
https://estudiosabor.com.br/blog/melhores-angulos-fotografia-gastronomica-comida,15,1190,1.26%,4.63
https://estudiosabor.com.br/blog/como-melhorar-fotos-de-comida-com-celular-usando-ia,10,8739,0.11%,5.08
https://estudiosabor.com.br/blog/como-tirar-foto-acai-sorvete-cor-derretimento,7,445,1.57%,5.47
https://estudiosabor.com.br/blog/como-vencer-algoritmo-ifood-2026-fotos-delivery,3,778,0.39%,5.38
https://estudiosabor.com.br/blog/guia-fotografia-celular-pilar/como-fazer-reels-food-porn-celular,3,23,13.04%,5.61
https://estudiosabor.com.br/blog/como-tirar-foto-sushi-fresco-iluminacao,2,184,1.09%,4.64
https://estudiosabor.com.br/blog/como-tirar-foto-pizza-queijo-derretendo-celular,2,146,1.37%,5.51
https://estudiosabor.com.br/blog/como-tirar-foto-marmita-pf-separacao-ingredientes,1,292,0.34%,6.09
https://estudiosabor.com.br/blog/como-tirar-foto-bolo-confeitaria-textura,1,240,0.42%,6.76
https://estudiosabor.com.br/blog/engenharia-de-cardapio-pilar/como-vencer-algoritmo-ifood-2025-fotos-delivery,1,209,0.48%,3.96
https://estudiosabor.com.br/blog/guia-fotografia-celular-pilar/melhores-angulos-fotografia-gastronomica-comida,1,207,0.48%,5.51
https://estudiosabor.com.br/blog/direitos-autorais-fotos-comida-risco-google,1,168,0.6%,4.04
https://estudiosabor.com.br/blog/5-dicas-para-fotos-de-comida-com-celular,1,165,0.61%,4.93
https://estudiosabor.com.br/blog/cenario-foto-comida-improvisado-barato,1,145,0.69%,10.23
https://estudiosabor.com.br/blog/truque-fumaca-vapor-foto-quente,1,106,0.94%,5.24
https://estudiosabor.com.br/blog/leitura-padrao-z-engenharia-cardapio,1,59,1.69%,5.08
https://estudiosabor.com.br/blog/dicas-food-styling-barato-fotos-comida,1,48,2.08%,5.79
https://estudiosabor.com.br/blog/nichos-especificos-pilar/como-tirar-foto-marmita-pf-separacao-ingredientes,1,45,2.22%,7.98
https://estudiosabor.com.br/blog/fotos-comida-flash-erros-amadores-delivery,1,43,2.33%,9.81
https://estudiosabor.com.br/blog/engenharia-de-cardapio-pilar/leitura-padrao-z-engenharia-cardapio,1,29,3.45%,4.9
https://estudiosabor.com.br/blog/descricoes-cardapio-ifood-neurocopywriting,0,312,0%,3.52
https://estudiosabor.com.br/blog/fotografia-comida-celular-manual-restaurante,0,247,0%,7.53
https://estudiosabor.com.br/blog/fotos-drinks-bebidas-reflexo-vidro,0,192,0%,6.58
https://estudiosabor.com.br/blog,0,130,0%,3.51
https://estudiosabor.com.br/blog/o-que-e-fotografia-gastronomica-entenda-sua-importancia-para-seu-negocio,0,109,0%,10.55
https://estudiosabor.com.br/blog/como-fazer-reels-food-porn-celular,0,103,0%,6.59
https://estudiosabor.com.br/teste-gratis,0,70,0%,5.33
https://estudiosabor.com.br/blog/unboxing-embalagem-delivery-experiencia,0,66,0%,5.86
https://estudiosabor.com.br/blog/tecnologia-gestao-pilar/comida-fake-ia-etica-restaurantes-delivery,0,66,0%,6.58
https://estudiosabor.com.br/blog/fotografo-tradicional-vs-ia-restaurante-comparativo,0,59,0%,6.54
https://estudiosabor.com.br/blog/luz-6000k-vs-3000k-fotos-comida-temperatura-cor,0,54,0%,6.46
https://estudiosabor.com.br/blog/nichos-especificos-pilar/como-tirar-foto-sushi-fresco-iluminacao,0,45,0%,5.09
https://estudiosabor.com.br/blog/cardapio-qr-code-mesa-vs-digital,0,39,0%,11.59
https://estudiosabor.com.br/blog/engenharia-de-cardapio-pilar/foto-para-ifood-valorize-o-seu-prato-de-verdade,0,36,0%,6.83
https://estudiosabor.com.br/blog/nichos-especificos-pilar/como-tirar-foto-bolo-confeitaria-textura,0,29,0%,5.21
https://estudiosabor.com.br/blog/comida-fake-ia-etica-restaurantes-delivery,0,25,0%,9.36
https://estudiosabor.com.br/blog/fotos-hot-dog-lanches-generosos,0,24,0%,6.21
https://estudiosabor.com.br/blog/iluminacao-cozinha-vs-luz-venda-fotos-comida,0,24,0%,9.08
https://estudiosabor.com.br/blog/nichos-especificos-pilar/fotos-drinks-bebidas-reflexo-vidro,0,20,0%,6.15
https://estudiosabor.com.br/blog/expectativa-vs-realidade-reembolso-ifood-fotos,0,20,0%,7
https://estudiosabor.com.br/blog/como-vender-catalogo-whatsapp-business-fotos,0,19,0%,6.37
https://estudiosabor.com.br/blog/guia-fotografia-celular-pilar/truque-fumaca-vapor-foto-quente,0,18,0%,4.5
https://estudiosabor.com.br/blog/guia-fotografia-gastronomica-ribeirao-preto-ia,0,18,0%,5.78
https://estudiosabor.com.br/blog/guia-fotografia-celular-pilar/cenario-foto-comida-improvisado-barato,0,16,0%,8.69
https://estudiosabor.com.br/blog/guia-fotografia-celular-pilar/iluminacao-cozinha-vs-luz-venda-fotos-comida,0,16,0%,16.19
https://estudiosabor.com.br/blog/nichos-especificos-pilar/como-tirar-foto-acai-sorvete-cor-derretimento,0,13,0%,11.92
https://estudiosabor.com.br/blog/engenharia-de-cardapio-pilar/engenharia-cardapio-delivery-aumentar-vendas-fotos-reais,0,11,0%,5.55
https://estudiosabor.com.br/blog/engenharia-de-cardapio-pilar/descricoes-cardapio-ifood-neurocopywriting,0,10,0%,2.2
https://estudiosabor.com.br/blog/tecnologia-gestao-pilar/fotografo-tradicional-vs-ia-restaurante-comparativo,0,10,0%,9.4
https://estudiosabor.com.br/blog/guia-fotografia-celular-pilar/fotografia-comida-celular-manual-restaurante,0,10,0%,9.6
https://estudiosabor.com.br/images/generated/gourmet_burger_studio_1770593170555.png,0,10,0%,19.4
https://estudiosabor.com.br/contato,0,9,0%,2.89
https://estudiosabor.com.br/blog/ia-foto-comida-etica-real-food-honestidade,0,9,0%,9
https://estudiosabor.com.br/blog/fotografo-comida-ribeirao-preto-vs-estudio-digital,0,9,0%,9.89
https://estudiosabor.com.br/blog/marketing-sazonal-lucrar-datas-comemorativas,0,9,0%,10.78
https://estudiosabor.com.br/blog/guia-fotografia-celular-pilar/dicas-food-styling-barato-fotos-comida,0,8,0%,4
https://estudiosabor.com.br/images/generated/marmita_brasileira_1770593699997.png,0,8,0%,23.62
https://estudiosabor.com.br/blog/engenharia-de-cardapio-pilar/o-que-e-fotografia-gastronomica-entenda-sua-importancia-para-seu-negocio,0,7,0%,2.29
https://estudiosabor.com.br/blog/calculadora-prejuizo-falta-fotos-cardapio-delivery,0,7,0%,5.29
https://estudiosabor.com.br/blog/guia-fotografia-celular-pilar/fotos-comida-flash-erros-amadores-delivery,0,7,0%,6.29
https://estudiosabor.com.br/blog/por-que-investir-em-boas-fotos-para-delivery,0,6,0%,3.67
https://estudiosabor.com.br/blog/estudio-fotografico-para-alimentos,0,6,0%,6
https://estudiosabor.com.br/blog/ugc-como-incentivar-fotos-clientes,0,6,0%,10.17
https://estudiosabor.com.br/blog/categoria/nichos-especificos,0,6,0%,10.83
https://estudiosabor.com.br/blog/guia-fotografia-celular-pilar,0,4,0%,3.75
https://estudiosabor.com.br/blog/engenharia-de-cardapio-pilar/calculadora-prejuizo-falta-fotos-cardapio-delivery,0,4,0%,4.25
https://estudiosabor.com.br/blog/foto-para-ifood-valorize-o-seu-prato-de-verdade#por-que-a-foto-e-tao-importante-no-ifood,0,4,0%,10
https://estudiosabor.com.br/blog/foto-para-ifood-valorize-o-seu-prato-de-verdade#regra-6-proporcao-e-enquadramento-70-do-quadro,0,4,0%,10
https://estudiosabor.com.br/blog/engenharia-de-cardapio-pilar/marketing-sazonal-lucrar-datas-comemorativas,0,3,0%,5.33
https://estudiosabor.com.br/blog/tecnologia-gestao-pilar/ugc-como-incentivar-fotos-clientes,0,3,0%,7
https://estudiosabor.com.br/blog/nichos-especificos-pilar,0,3,0%,7.67
https://estudiosabor.com.br/blog/foto-para-ifood-valorize-o-seu-prato-de-verdade#regra-4-fundo-sem-bagunca-o-protagonista-e-a-comida,0,3,0%,10.33
https://estudiosabor.com.br/images/generated/setup_iluminacao_comida_celular_1770591056473.png,0,3,0%,13.67
https://estudiosabor.com.br/blog/engenharia-de-cardapio-pilar/unboxing-embalagem-delivery-experiencia,0,2,0%,4.5
https://estudiosabor.com.br/blog/tecnologia-gestao-pilar/cardapio-qr-code-mesa-vs-digital,0,2,0%,5
https://estudiosabor.com.br/images/generated/gourmet_burger_1770593673029.png,0,2,0%,6
https://estudiosabor.com.br/blog/engenharia-de-cardapio-pilar,0,2,0%,7
https://estudiosabor.com.br/blog/tecnologia-gestao-pilar/humanizar-dark-kitchen-bastidores,0,2,0%,7.5
https://estudiosabor.com.br/blog/tecnologia-gestao-pilar/lancamento-rapido-produtos-delivery-fotos,0,2,0%,8
https://estudiosabor.com.br/blog/nichos-especificos-pilar/como-tirar-foto-pizza-queijo-derretendo-celular,0,2,0%,9
https://estudiosabor.com.br/blog/foto-para-ifood-valorize-o-seu-prato-de-verdade#regra-1-limpe-a-lente-o-clique-limpo,0,2,0%,11
https://estudiosabor.com.br/blog/foto-para-ifood-valorize-o-seu-prato-de-verdade#regra-2-a-luz-e-sua-socia-nunca-use-flash,0,2,0%,11
https://estudiosabor.com.br/blog/foto-para-ifood-valorize-o-seu-prato-de-verdade#regra-5-destaque-o-ingrediente-estrela,0,2,0%,11
https://estudiosabor.com.br/blog/foto-para-ifood-valorize-o-seu-prato-de-verdade#regra-7-o-tratamento-final-a-maquiagem,0,2,0%,11
https://estudiosabor.com.br/images/generated/poke_bowl_1770593686113.png,0,2,0%,15
https://estudiosabor.com.br/blog/foto-para-ifood-pare-de-usar-imagem-fake,0,2,0%,27.5
https://estudiosabor.com.br/blog/engenharia-de-cardapio-pilar/por-que-investir-em-boas-fotos-para-delivery,0,1,0%,1
https://estudiosabor.com.br/blog/humanizar-dark-kitchen-bastidores,0,1,0%,7
https://estudiosabor.com.br/blog/nichos-especificos-pilar/fotos-hot-dog-lanches-generosos,0,1,0%,8
https://estudiosabor.com.br/blog/foto-para-ifood-valorize-o-seu-prato-de-verdade#regra-3-o-angulo-do-cliente-45-ou-90,0,1,0%,9
https://estudiosabor.com.br/images/generated/artisan_pizza_neapolitan_1770593275407.png,0,1,0%,12